feature,anova_f,anova_pvalue,mutual_info,rf_importance,mean_rank_score
global_hsv_ch1_hist_7,3059.390148547428,0.0,0.881525204289062,0.01469484421098908,4.666666666666667
roi_glcm_ASM_min,2540.314001719572,0.0,0.8468528316185213,0.00962874703752366,15.0
global_hsv_ch1_hist_6,5099.46896463762,0.0,0.7034131890129689,0.02143939244063166,15.333333333333334
global_gray_hist_18,2489.3941904626754,0.0,0.819598632268989,0.013804522812851753,16.0
seg_mask_area,2436.679782193297,0.0,0.8469758978093698,0.009648212694589563,16.666666666666668
roi_glcm_ASM_max,2482.951744845938,0.0,0.8651605999872984,0.008433120023952332,17.0
roi_glcm_energy_min,2427.9678221880417,0.0,0.8468333211070396,0.010326427043922818,17.0
roi_dct_low_std,3127.156615026955,0.0,0.7912121502477385,0.009088262769482129,17.666666666666668
seg_mask_area_ratio,2436.6797821932946,0.0,0.8459699040406967,0.009898468539665245,17.666666666666668
roi_lab_ch2_hist_4,3619.0131719706105,0.0,0.6331043776272949,0.016325340649502366,22.666666666666668
roi_glcm_ASM_std,2536.3269023165867,0.0,0.8146306000995491,0.008214495357755038,23.666666666666668
roi_glcm_homogeneity_std,2479.1042161989003,0.0,0.8418800906979635,0.007981486939449283,24.0
global_rgb_ch1_hist_8,3083.3381582283464,0.0,0.8220245059205828,0.00624846264710421,24.333333333333332
roi_dct_0_0,2349.088098849972,0.0,0.8437452151718348,0.008279704857506901,24.333333333333332
global_hsv_s_q75,2788.5199026890205,0.0,0.6955599088811657,0.011140228131359155,25.333333333333332
roi_glcm_energy_mean,2398.0530123710532,0.0,0.8432316269268691,0.0076413844447830075,25.666666666666668
global_lab_ch0_hist_9,2327.3399735224434,0.0,0.8040115282101192,0.009278551506809549,27.333333333333332
global_lab_ch2_hist_4,2224.455422783187,0.0,0.8627183794336049,0.007456096244368321,28.666666666666668
global_hsv_s_mean,3313.1358486866898,0.0,0.7677177882574442,0.005958998109036165,29.666666666666668
roi_glcm_energy_std,2383.8603485939757,0.0,0.8424337468253704,0.007165314412357226,29.666666666666668
roi_glcm_ASM_mean,2496.3154633055815,0.0,0.8425671388838154,0.005616064992380258,30.0
roi_glcm_dissimilarity_std,2389.4243659751123,0.0,0.8194390533782274,0.006085199832541641,34.666666666666664
roi_rgb_ch0_hist_9,2804.5988781212213,0.0,0.61864549134649,0.00996623657527923,35.666666666666664
global_rgb_ch0_hist_8,2320.4208486140074,0.0,0.834032629706863,0.0060082381908712745,35.666666666666664
roi_glcm_energy_max,2395.863790349985,0.0,0.8651451560342422,0.004111794312854736,36.333333333333336
global_gray_hist_19,2739.7203473024947,0.0,0.7924669856830002,0.004573414050075962,37.333333333333336
global_hsv_s_max,2575.447610149294,0.0,0.632546893894895,0.00814330983980177,37.666666666666664
roi_glcm_contrast_std,2241.421594447504,0.0,0.7755043442002507,0.006977265530862978,38.333333333333336
global_lab_b_q25,2039.18602422504,0.0,0.712086010244712,0.008623291792491572,39.666666666666664
roi_dct_low_energy,2022.4524384752208,0.0,0.7949231145517908,0.0074310453084908985,40.666666666666664
global_rgb_ch0_hist_7,1551.3753844321732,0.0,0.8395935121634714,0.01233522524624319,43.0
global_hsv_ch0_hist_1,3605.232100363654,0.0,0.729083342087204,0.003106311182847981,43.666666666666664
roi_glcm_dissimilarity_max,2181.117554065364,0.0,0.804160720209159,0.004897141504910398,44.333333333333336
global_hsv_h_std,2197.3436024192843,0.0,0.8148375034783149,0.0040552727648079465,47.0
global_rgb_ch1_hist_9,2879.1240979854765,0.0,0.6238896013387247,0.005450079586510043,48.333333333333336
global_hsv_ch1_hist_5,3208.2271274419354,0.0,0.5534629988841209,0.011358407642802099,49.333333333333336
roi_glcm_homogeneity_min,2259.587911627941,0.0,0.8208218540269401,0.0029200065438531367,52.333333333333336
global_lab_b_mean,1643.6411843203398,0.0,0.7546508159501135,0.008095997901357904,53.0
global_hsv_s_median,2241.284044660481,0.0,0.6999254512827411,0.003942354619985848,55.666666666666664
seg_mask_equivalent_diameter,2251.1733789625196,0.0,0.6121808682639356,0.006672474037033646,56.0
roi_glcm_dissimilarity_mean,1950.632481234426,0.0,0.7715124266799727,0.0036547202080252825,59.0
roi_glcm_homogeneity_mean,2077.045897977405,0.0,0.7951613193077354,0.002894336813203889,59.0
global_gray_hist_17,1579.7024077790245,0.0,0.74610911422109,0.007401828993660855,59.333333333333336
global_hsv_h_q25,1838.178633331982,0.0,0.7201324595112555,0.004239611480429226,62.0
roi_gray_hist_18,2002.876278283425,0.0,0.5760181073674999,0.008272544755554856,63.666666666666664
roi_lab_ch0_hist_9,2102.458901024864,0.0,0.5657592841943246,0.008094868191961558,64.66666666666667
global_lab_b_std,3055.5293034332226,0.0,0.6748402848595285,0.0018946734853235907,67.0
roi_glcm_contrast_max,2034.3615923955838,0.0,0.7639595735983598,0.0024064456712032225,68.33333333333333
roi_rgb_r_mean,2363.008053082122,0.0,0.5358873895795402,0.00837629801295707,70.0
roi_glcm_homogeneity_max,1825.3381523045502,0.0,0.7691135792421766,0.0028062496738530157,71.0
global_rgb_ch1_hist_7,1337.3815103494032,0.0,0.6881229957072985,0.007993221301785043,71.66666666666667
roi_glcm_contrast_mean,1789.0816073156677,0.0,0.7235402527217145,0.0030326492133451017,72.66666666666667
global_lab_b_median,1253.748081608094,0.0,0.7701100807965009,0.0063597319107736834,74.66666666666667
global_lab_ch0_hist_10,2403.9656080132286,0.0,0.6914656801010424,0.0018078252233770466,75.33333333333333
global_rgb_g_std,2760.173655440911,0.0,0.5769607753529116,0.00255829300506521,75.66666666666667
global_lab_l_std,3091.7866046735553,0.0,0.5847702973664031,0.002023354481274443,78.0
global_lab_ch2_hist_5,2746.259979553086,0.0,0.47915154901156254,0.011459263818464384,78.66666666666667
roi_hsv_ch1_hist_7,2077.4179566952457,0.0,0.5227064631685638,0.007369070988635505,83.66666666666667
global_lab_b_min,2817.249393784102,0.0,0.5076405506798274,0.004642779481006603,84.33333333333333
roi_lab_ch1_hist_10,1893.57514272421,0.0,0.5051742414920963,0.013798318445203218,84.66666666666667
roi_rgb_r_median,2140.2776987629104,0.0,0.5624651567333221,0.0033188790637535613,85.66666666666667
global_rgb_r_mean,2177.3306575379875,0.0,0.6664024096709529,0.0015980457924477018,86.0
roi_glcm_dissimilarity_min,1583.8211690102949,0.0,0.7187229919802358,0.0023857009383045293,86.66666666666667
roi_rgb_ch1_hist_7,1577.3602107318025,0.0,0.5387648058417158,0.00934328068378131,89.0
roi_rgb_r_q25,2017.6065609132058,0.0,0.554764149350339,0.004008215041239755,89.33333333333333
roi_brightness,1836.2656842533233,0.0,0.5593856126618746,0.0040760786576133105,92.33333333333333
global_hsv_s_q25,1969.7852873200395,0.0,0.6986758527071724,0.0013981588588365844,93.33333333333333
roi_lab_b_mean,2089.396861858357,0.0,0.5632054566527602,0.002416084914082126,94.66666666666667
global_gray_hist_16,868.9363257451394,0.0,0.6203149736271849,0.008434012219185664,95.0
global_rgb_r_std,2438.559280415381,0.0,0.5887614378444552,0.0013728464171256765,98.66666666666667
roi_gray_mean,1836.2656842533233,0.0,0.5593856126618746,0.0030539465108695347,99.33333333333333
roi_lab_b_min,2952.3897726108,0.0,0.5026913332586891,0.002572389160253157,99.66666666666667
global_lab_a_q75,925.6707858950947,0.0,0.6829898518334672,0.00416461619829079,100.0
global_hsv_ch1_hist_8,1198.5112911219353,0.0,0.6595829350366142,0.002665574140445362,103.0
global_lab_ch0_hist_8,664.9119228928967,0.0,0.5966476480240865,0.01780887786623647,104.33333333333333
seg_hu_moment_0,1445.2199772320573,0.0,0.7099846378256249,0.0015556483769875182,106.33333333333333
roi_lab_ch2_hist_6,1828.8524977329146,0.0,0.5177181312619459,0.003708874092285889,108.0
global_hsv_ch1_hist_0,2032.7651169441674,0.0,0.6220533230975995,0.0011413373301744662,109.0
seg_hu_moment_3,1781.2080545878844,0.0,0.6620284145350228,0.0011535293671291822,110.33333333333333
roi_hsv_ch1_hist_8,1333.4494551499524,0.0,0.5391967449570434,0.005932310096491948,110.33333333333333
global_rgb_r_q25,1916.3063352773233,0.0,0.6479547659752518,0.0010881643496790552,110.66666666666667
global_rgb_g_q25,1504.4308375060348,0.0,0.6160207206138877,0.0017958039477538395,112.33333333333333
roi_gray_hist_17,1347.521302887973,0.0,0.5307038942917386,0.005539983224446267,113.66666666666667
roi_rgb_ch0_hist_12,1939.4039209970379,0.0,0.5125825421641361,0.0024488797354490954,114.33333333333333
seg_mask_minor_axis_length,1364.4099610094745,0.0,0.5607052147661913,0.0031150002858547957,114.33333333333333
global_rgb_r_q75,1414.1459834586358,0.0,0.6942233845860049,0.0013834936290172883,115.0
roi_lab_ch0_hist_12,1686.8621274407035,0.0,0.5096273565815119,0.0035727480231689335,115.33333333333333
seg_hu_moment_2,1755.2430248826618,0.0,0.6483752081335079,0.001084604244242105,116.33333333333333
global_hsv_h_mean,801.0777259323715,0.0,0.6480662242681878,0.0025214436020005405,120.33333333333333
roi_lab_b_median,2046.625131788043,0.0,0.5581930153534105,0.0011724677862942933,123.66666666666667
roi_hsv_s_median,1770.8656785339656,0.0,0.5759046086981552,0.0012400259823064474,124.0
roi_glcm_contrast_min,1386.801693365436,0.0,0.6616803366194979,0.001149778800162561,125.33333333333333
roi_lab_b_q75,1702.264744723481,0.0,0.5194085096003531,0.0022652217504681234,126.0
global_rgb_ch1_hist_13,1177.1930942136046,0.0,0.5084593080157784,0.005222088712165683,129.66666666666666
roi_lab_b_q25,1796.3443855324929,0.0,0.5806250806690227,0.0010575807625873344,130.33333333333334
global_lab_ch1_hist_9,1377.6159293871135,0.0,0.48401323917993544,0.005431816623457543,130.33333333333334
global_hsv_ch0_hist_0,1286.792113993147,0.0,0.7134784676950447,0.001077050085963939,130.33333333333334
global_lab_ch1_hist_10,1282.3949784741362,0.0,0.48613292619966275,0.005387863444972711,132.66666666666666
global_gray_entropy,1719.0088924018407,0.0,0.625754889406809,0.0008457815766944476,133.33333333333334
roi_lab_l_mean,1815.6973304660996,0.0,0.5453116642445222,0.0012340286451385555,135.0
seg_mask_bbox_area,662.698356610315,0.0,0.5733163918463657,0.003814533184740691,138.33333333333334
global_gray_mean,1936.1664575399832,0.0,0.6290043955011064,0.0006607878148357243,139.5
global_glcm_ASM_std,1265.9044870586715,0.0,0.5638333187861935,0.0015456512689049494,140.0
global_rgb_ch1_hist_6,502.3156182726507,3.4105133286833277e-268,0.5560971754792561,0.006481887965066979,141.33333333333334
global_gray_hist_15,487.385420003181,1.6073789135765678e-261,0.552300456666724,0.0073924339819468115,143.0
roi_gray_hist_19,1653.225164557423,0.0,0.48249636558902664,0.0020963178923092633,143.0
global_hsv_s_std,2370.5804679440516,0.0,0.629817289631802,0.00044765504613684145,143.33333333333334
global_gray_hist_27,1207.4725703619288,0.0,0.4657029316991965,0.004889413817504854,144.0
roi_rgb_ch1_hist_11,1393.4125751115555,0.0,0.49577250598727085,0.002374556514819658,144.33333333333334
global_lab_ch2_hist_8,779.3392029736581,0.0,0.5816130671803084,0.0019406566054513967,144.33333333333334
roi_rgb_r_q75,1847.1508746284435,0.0,0.5326467094590681,0.0010687757030058537,144.66666666666666
global_rgb_ch0_hist_6,377.4874267400177,2.3193115997734984e-210,0.5934061958120187,0.006254531159032076,145.66666666666666
global_hsv_ch0_hist_10,408.52592082760407,3.449453481933212e-225,0.7793472749413541,0.002276160892168034,146.0
global_dct_0_0,1935.904988669799,0.0,0.6267943551180677,0.0005396356436695455,147.0
global_glcm_ASM_max,688.2050551503454,0.0,0.5948846690829195,0.001932536474394011,148.0
global_rgb_ch0_hist_15,1429.1101892557315,0.0,0.5786434289528399,0.0009560826549173128,148.33333333333334
global_rgb_r_median,1361.9910504530212,0.0,0.6348284821938732,0.0007906444905361003,149.33333333333334
roi_hsv_ch1_hist_3,1194.178330718808,0.0,0.46992857679513356,0.0035725671054637658,150.33333333333334
roi_gray_median,1613.4672520147105,0.0,0.5593869710832218,0.0009112571624064581,151.33333333333334
global_hsv_ch2_hist_13,1311.637327559388,0.0,0.48457996940286496,0.002378110892640575,153.0
global_hsv_ch2_hist_15,1071.255763499685,0.0,0.4751230681945431,0.003294420151008899,153.0
roi_hsv_s_q25,1708.6988989989602,0.0,0.5165407050686204,0.0010791266694362353,153.33333333333334
global_rgb_g_median,1026.866574187333,0.0,0.5653358878313295,0.0011645927422465703,156.33333333333334
global_lab_a_mean,401.99908508781175,4.2662046874059934e-222,0.5903767334922381,0.0030630395949428754,157.33333333333334
global_hsv_v_q25,940.1523238251586,0.0,0.4917556279539388,0.002648664868125886,157.33333333333334
global_glcm_energy_mean,727.105297409142,0.0,0.5693261855516818,0.0016126923437861705,158.0
global_hsv_ch0_hist_9,448.35313258881143,9.029717113354021e-244,0.6398963140999456,0.001814083552072515,158.66666666666666
global_contrast,2895.0707065692873,0.0,0.5980537843471685,0.0002923815005830934,159.66666666666666
global_gray_median,1154.9047072794815,0.0,0.5760735419209584,0.0009709149975365162,160.0
global_lab_ch1_hist_8,389.4600282699671,4.06434009680871e-216,0.5726276941425819,0.0038742924845163633,161.0
global_dct_low_std,1854.9862495160714,0.0,0.625990423002651,0.00040884862543273296,161.33333333333334
roi_rgb_g_median,1432.9472545420501,0.0,0.5651921942251636,0.0008199843314903206,161.33333333333334
roi_rgb_ch1_hist_8,1619.3980367781369,0.0,0.45555849252363934,0.0016082120960036858,161.33333333333334
global_gray_hist_20,1865.2205735559783,0.0,0.6194048486998467,0.0004109276097238649,161.66666666666666
global_lab_ch0_hist_15,824.6249374253099,0.0,0.5639800900920178,0.0013555152319144725,161.66666666666666
global_lab_l_mean,1864.7893723600614,0.0,0.6345796183015509,0.0003815747232913566,163.0
global_glcm_energy_min,695.7305307455028,0.0,0.5621408128542844,0.001705273275267198,163.0
global_glcm_energy_max,840.4265908661733,0.0,0.5949524247041789,0.0010468883377771315,163.33333333333334
roi_lab_l_q25,1541.3963742820436,0.0,0.5923032898585285,0.0005934190776971021,164.0
global_gray_std,2895.0707065692873,0.0,0.5980537843471685,0.0002555326432438882,164.0
roi_lab_a_median,1041.1252414264961,0.0,0.5012158700050728,0.0017863563583163595,164.33333333333334
global_rgb_ch2_hist_13,982.5885278471179,0.0,0.4628425370251221,0.0026605995206615187,166.0
roi_gray_hist_24,1319.9865051440804,0.0,0.48539598259911987,0.0014572819359681616,166.33333333333334
global_rgb_ch0_hist_9,1316.6890517823604,0.0,0.5844648188471508,0.0006974491263393123,169.0
global_lab_ch0_hist_6,418.16442679051113,9.903242876245469e-230,0.5466683534637726,0.0031279398540705054,169.33333333333334
global_gray_hist_14,300.6615873119179,2.8827710190783975e-172,0.5249376975919686,0.012791133048914868,170.0
roi_rgb_g_mean,1602.7229930592423,0.0,0.546226720005422,0.0006990408244522515,170.33333333333334
global_lab_ch2_hist_3,423.0730520898229,4.941190759519029e-232,0.5158678420989273,0.004395461060841024,170.66666666666666
global_lab_b_q75,375.50275434602077,2.109206251616196e-209,0.6297399781539998,0.0018470604060082919,171.0
seg_mask_perimeter,894.8232570684152,0.0,0.5369724353654646,0.0012208710370298409,171.33333333333334
global_lab_ch0_hist_7,276.04059282516675,1.3020271170445551e-159,0.5364701885008887,0.011712814313651653,173.0
global_hsv_v_std,784.8752031085947,0.0,0.4855607500473358,0.0023107756529238887,173.0
global_lab_l_median,1102.654234996731,0.0,0.5692394728446046,0.0007921550332361949,174.33333333333334
global_lab_a_q25,561.3168966237276,5.763472962239326e-294,0.5565862736150509,0.0014862993803631274,174.33333333333334
roi_lab_a_q25,1190.6433542995992,0.0,0.45401598441956814,0.0018809939741070418,176.0
roi_gray_entropy,1440.7610811602028,0.0,0.4858711530227655,0.00104234938372462,176.33333333333334
global_lab_l_q25,1540.4240430499642,0.0,0.60733806509978,0.0004093004020243807,176.33333333333334
global_gray_hist_26,855.2752418905952,0.0,0.4397689604732624,0.003040494976467279,178.66666666666666
global_gray_hist_12,348.353071346289,3.7298539941029395e-196,0.5261330424144095,0.005223542643701296,179.0
global_gray_hist_31,1138.5989856732951,0.0,0.5473850194447942,0.0008376883671600672,179.0
global_rgb_b_q25,772.2582039038667,0.0,0.47681961172571974,0.002263766740887666,179.66666666666666
global_rgb_g_mean,1737.0387572307689,0.0,0.6253224389324656,0.0002884855861240094,181.33333333333334
global_dct_low_energy,1919.054651170991,0.0,0.6151819414282653,0.0002507573145953847,181.33333333333334
global_hsv_ch0_hist_5,718.1913658163538,0.0,0.5168149236825419,0.0014205489622342183,181.33333333333334
global_rgb_ch1_hist_15,743.9982871428937,0.0,0.5418939479801002,0.0011472049613976353,181.33333333333334
global_rgb_ch1_hist_4,375.51820988766104,2.0732311910966114e-209,0.5058266729259393,0.004513778014731624,182.33333333333334
global_glcm_ASM_min,494.9804942374406,6.360716509457143e-265,0.5619534008711002,0.0013801344540445618,182.33333333333334
roi_rgb_g_q75,1394.3847479115602,0.0,0.5048750676946618,0.0008351188867902021,182.33333333333334
global_brightness,1936.1664575399832,0.0,0.6289195704162811,0.00020940820981738388,182.5
roi_rgb_ch1_hist_12,901.6379989586316,0.0,0.42258668256000065,0.0027421158413967845,183.33333333333334
global_gray_hist_13,259.36084293173775,6.5740802819168e-151,0.5320875882590197,0.00769440835143233,183.33333333333334
roi_gray_hist_25,1194.0308198673708,0.0,0.4627567391030649,0.0013783201681116404,184.0
global_glcm_ASM_mean,556.4001886254852,7.461306614266207e-292,0.5635773166194935,0.001128854539658163,184.0
roi_hsv_s_mean,1859.5475958222014,0.0,0.5521151182094446,0.00039376319762795094,184.66666666666666
roi_gray_q25,1527.0685446986747,0.0,0.5668152896167538,0.00042903823370972233,185.0
global_hsv_ch0_hist_6,576.4516150245107,1.9879509786031733e-300,0.5304799172322494,0.0014176150496976333,185.66666666666666
global_glcm_energy_std,978.2652193426442,0.0,0.3782749789928834,0.003934945593601073,187.0
global_hsv_ch0_hist_2,275.8211156696031,1.6921907077888945e-159,0.6085288945852099,0.002332311914482241,188.66666666666666
global_hsv_v_mean,741.5316727122952,0.0,0.44590014741199635,0.0023950123509747234,189.66666666666666
global_hsv_ch1_hist_10,250.25014297545485,4.140876842025253e-146,0.5198581140573231,0.007631312624096803,189.66666666666666
roi_glcm_correlation_min,780.3254154834781,0.0,0.548512618783515,0.0009103373670189283,190.0
roi_gray_hist_23,966.864465020097,0.0,0.41749108920007516,0.002286644034822775,190.0
roi_glcm_correlation_mean,1274.2176579833645,0.0,0.5205692408405915,0.0007201370512865632,190.33333333333334
global_lab_ch0_hist_13,797.8583946674989,0.0,0.437594286047168,0.002223346463741508,192.33333333333334
roi_lab_ch1_hist_8,878.9862991725537,0.0,0.3995755895884734,0.003011794039535894,192.66666666666666
global_lab_l_q75,659.2205435870352,0.0,0.586717890005529,0.0007683347434873196,193.33333333333334
roi_rgb_g_min,1566.7105744215653,0.0,0.48166992280123133,0.000709244435768888,193.33333333333334
roi_rgb_ch0_hist_8,899.0355437624061,0.0,0.5308605254351473,0.0008307832222360723,193.66666666666666
seg_hu_moment_1,1628.8957393864546,0.0,0.5744829222106449,0.00029462956433025676,194.33333333333334
roi_lab_l_q75,1477.3852018400964,0.0,0.5292761492677969,0.00048056565987419626,195.0
global_rgb_ch1_hist_5,263.16874361620233,6.630014622508298e-153,0.5029247522223255,0.006872404447921906,196.33333333333334
roi_hsv_s_q75,1417.5069769394802,0.0,0.5756005371022652,0.00035101923657006193,197.33333333333334
roi_lab_ch2_hist_3,464.1292964612789,5.344423794231266e-251,0.4473040901144314,0.0034137511648144837,197.33333333333334
global_rgb_b_std,988.974595955899,0.0,0.4002642711106661,0.0020706906333214934,197.66666666666666
global_gray_hist_11,411.0391392698539,2.2419645455239512e-226,0.5090050654215408,0.0019276419057519165,197.66666666666666
roi_rgb_ch0_hist_7,325.15616803551865,1.2308361681325364e-184,0.4794961634759547,0.005696305841083004,198.0
global_rgb_b_mean,453.8076091723181,2.807829555570956e-246,0.4408395178820419,0.003854192515879165,198.66666666666666
roi_gray_q75,1509.8767502401547,0.0,0.4986842094145014,0.0005300563442143058,200.0
global_lbp_hist_13,793.9644581285236,0.0,0.3076394247424614,0.006732469498689713,200.66666666666666
roi_gray_hist_15,429.2602384825771,6.352150939528603e-235,0.46570527247887106,0.002441552524656976,202.0
global_lbp_hist_8,475.04697790173225,5.87366547542815e-256,0.46757583343329223,0.0021625493159163475,202.66666666666666
global_hsv_ch2_hist_3,688.7724545240425,0.0,0.49251491869394304,0.0011230335625218065,203.0
roi_rgb_g_q25,1313.0027305713156,0.0,0.5742703150593309,0.0003488336214787892,203.66666666666666
roi_hsv_ch1_hist_2,669.4426631925504,0.0,0.46232362744102007,0.0014265848100833696,205.0
global_gray_iqr,1394.3810696572805,0.0,0.5252445150191876,0.0004121017367357677,205.66666666666666
roi_lab_ch0_hist_8,642.5170767565303,0.0,0.44676476126586784,0.0017805595980264276,207.33333333333334
roi_gray_hist_16,744.7731047415259,0.0,0.48769815418522144,0.0009591592097004297,208.0
global_hsv_ch0_hist_8,459.1433753798833,1.009728959358701e-248,0.5151453046607535,0.0011170907437536074,211.0
roi_lab_ch0_hist_7,375.9866445393741,1.2309504754769784e-209,0.4941590116321919,0.0018558736682482548,211.0
roi_lab_a_mean,1065.082202782489,0.0,0.4539713840171631,0.0008766765527526692,212.0
global_rgb_ch2_hist_3,707.8579807984146,0.0,0.46606562433083454,0.0010640301459686485,213.66666666666666
roi_gray_std,929.9494393084129,0.0,0.36895025085827027,0.001718425098073481,215.66666666666666
global_gray_q25,1593.0850339419308,0.0,0.5805350707868162,0.0001316295365483538,216.33333333333334
roi_glcm_correlation_max,1252.9057112968326,0.0,0.4927624129786159,0.00046276861201688065,219.66666666666666
global_gray_q75,823.1981767617348,0.0,0.5994168846609322,0.0002783011108586026,221.0
global_glcm_contrast_max,1597.264512836357,0.0,0.5117626937267945,0.000249971305061817,221.66666666666666
roi_gray_min,1301.7818494863486,0.0,0.5064783914296966,0.00038377376994604373,222.0
global_lab_ch2_hist_6,667.3129391499593,0.0,0.4087720555261818,0.0014706958790693667,222.33333333333334
roi_hsv_s_max,2031.1072876218245,0.0,0.49579536958684045,0.00018648546305259184,223.33333333333334
roi_contrast,929.9494393084129,0.0,0.36895025085827027,0.0013128259879456527,225.0
global_rgb_ch2_hist_15,386.5424246053261,1.0173074031828862e-214,0.4316333608749998,0.0023008400335701893,226.66666666666666
global_hsv_ch1_hist_4,359.696359248097,1.0153357347358966e-201,0.4784470378865546,0.0014835607974708921,227.0
roi_rgb_r_min,1448.0802978105596,0.0,0.5038433946246477,0.00028575294861335086,227.33333333333334
roi_lab_b_std,1033.4624672881785,0.0,0.4130066103010812,0.0008419418072833408,228.0
roi_lab_l_median,1591.0030536244155,0.0,0.5589253429782699,0.0001201694037080638,228.0
seg_mask_major_axis_length,1225.5488482043343,0.0,0.5493223347961294,0.00023046692426490075,229.33333333333334
global_glcm_contrast_mean,1667.568086185417,0.0,0.5423805221552678,0.00011990687716806064,230.0
roi_rgb_ch1_hist_6,621.8463194456607,1.8304e-319,0.4581461653371204,0.0009388406212739849,230.33333333333334
global_hsv_ch1_hist_9,402.5198325624574,2.4144864470060996e-222,0.4934458284711172,0.001015166333985918,231.0
roi_rgb_ch0_hist_6,339.34075921273114,1.0582025104662474e-191,0.4748397920849641,0.0014806442056125562,232.66666666666666
global_hsv_h_median,146.70886024797616,3.650056394892728e-89,0.5770427199807229,0.0011573899667807746,235.0
global_glcm_homogeneity_mean,719.6972451104125,0.0,0.4637031680889181,0.0006872013582511781,237.0
global_lbp_hist_2,491.9185555367022,1.4903671334423449e-263,0.3328814224313448,0.0023661124401420514,237.33333333333334
roi_rgb_ch0_hist_13,1180.7338513527288,0.0,0.4655448239342259,0.0004061442085717259,238.33333333333334
global_lab_ch2_hist_7,680.0895267248661,0.0,0.41139353501613884,0.0010375444449196474,238.66666666666666
global_hsv_v_median,699.9489867841419,0.0,0.2756997800429466,0.0024534106629580084,239.33333333333334
global_lbp_hist_9,336.2519980863732,3.6070548970905127e-190,0.40109617346546256,0.002718143366557651,239.66666666666666
roi_lab_l_std,910.1990617089027,0.0,0.3851161919529016,0.000887786353114001,240.0
roi_hsv_s_std,888.555694882613,0.0,0.39237504122724043,0.0008895968303847176,240.33333333333334
roi_lab_ch0_hist_6,531.9425060957801,2.9798755262324024e-281,0.45506677275218754,0.0008166707582724316,240.66666666666666
roi_hsv_ch1_hist_11,491.44642220981893,2.4251737515175613e-263,0.3955335418922341,0.0013919667055519406,241.33333333333334
roi_lab_a_q75,794.8954429347391,0.0,0.48458007420232985,0.00044209663118063494,242.33333333333334
global_lab_a_std,1329.763345102245,0.0,0.5105249383448198,0.00018813356194853956,242.33333333333334
global_lab_ch1_hist_7,81.52486315164472,7.513608238408634e-51,0.4842322104412564,0.004026062650208305,243.33333333333334
roi_hsv_ch1_hist_4,636.7428748276388,0.0,0.3741772716944556,0.0011993169367062197,244.66666666666666
global_lbp_hist_14,1005.5887557899331,0.0,0.42358395229161827,0.0005422226998234771,244.66666666666666
global_glcm_contrast_std,1476.4210044371825,0.0,0.4742175242729463,0.0002232072370957784,245.66666666666666
global_lbp_hist_7,521.2311238151005,1.4711619024612375e-276,0.4407053628567077,0.0007924099193229193,248.33333333333334
global_glcm_dissimilarity_mean,1363.9174445996014,0.0,0.5075993642617784,0.00014582166595681302,248.66666666666666
global_hsv_ch1_hist_11,390.5842741515436,1.1772114325323527e-216,0.41815595174205833,0.0012483671250937357,249.0
global_gray_hist_21,1048.6727307484307,0.0,0.4121808348031959,0.0005074767655733541,249.33333333333334
roi_lab_l_min,1041.2182833979973,0.0,0.5366356452716541,0.00014263377172270777,250.66666666666666
global_rgb_b_median,386.0359354629159,1.7803428341535537e-214,0.3325732262452017,0.0023931755379363274,251.33333333333334
roi_rgb_g_std,851.694123146399,0.0,0.37491442205471825,0.0007970528236426368,252.33333333333334
global_lab_a_median,120.53395270924666,5.0734084064577826e-74,0.4607964881962203,0.002607507772152715,253.66666666666666
global_glcm_dissimilarity_std,1493.4189682429792,0.0,0.43392123565189,0.0002631845815894393,255.33333333333334
roi_rgb_ch1_hist_3,517.5090141989097,6.396138748760276e-275,0.37026548994523356,0.0010847938960758714,255.66666666666666
roi_rgb_ch1_hist_4,482.03274575729506,4.111515464962626e-259,0.4342993629827081,0.0007938093121768402,256.3333333333333
roi_edge_density,363.6008056508954,1.2622304434602003e-203,0.38422016962615135,0.001671787221648705,257.0
roi_lab_a_max,1457.3761872142225,0.0,0.45077905347391134,0.00020564907286603514,257.0
roi_rgb_ch1_hist_5,320.8943961420593,1.686218018362325e-182,0.44178376522487395,0.0011560355012378387,257.6666666666667
roi_rgb_r_std,903.7682156338363,0.0,0.36276919649736206,0.0007204741782421369,258.0
global_hsv_ch0_hist_7,206.61948249220785,1.1500402247335831e-122,0.3658490407642516,0.005459331578296483,258.3333333333333
roi_gray_hist_13,365.29763255898933,1.882083435644313e-204,0.4515902406474974,0.0009215545339643249,258.6666666666667
roi_rgb_ch2_hist_14,362.53560477001116,4.1732641588029275e-203,0.2753854898860757,0.004276175804784588,258.6666666666667
roi_gray_hist_14,305.642789339731,8.448673509307027e-175,0.45408707652209435,0.0011140046106830677,259.6666666666667
global_glcm_correlation_max,658.0896210915569,0.0,0.3876837317869306,0.0008161071168062059,260.3333333333333
roi_edge_mean_intensity,363.6008056508956,1.2622304434596262e-203,0.38456993862574085,0.0014341424019201853,260.6666666666667
global_rgb_ch1_hist_3,400.62391975056227,1.9199762924886168e-221,0.4487721267158513,0.0007750615674192018,262.6666666666667
global_glcm_homogeneity_max,793.2453405461195,0.0,0.37107155500979894,0.0006735995019302516,266.0
roi_hsv_ch1_hist_9,476.1522247267358,1.8570362425039466e-256,0.4389773199388227,0.0006354651622215064,267.6666666666667
global_hsv_ch2_hist_2,538.1281405976998,5.996937414254667e-284,0.40283040039236306,0.0006503651694214755,271.0
global_hsv_ch1_hist_3,442.4251640431643,4.906213410506259e-241,0.4325099849351448,0.0006720790277309527,272.3333333333333
roi_gray_hist_11,515.8021387589547,3.6179035872069163e-274,0.40423898184838314,0.0006209153578525777,273.3333333333333
global_rgb_ch0_hist_13,401.8135481243217,5.2256870687467596e-222,0.31014042072454795,0.0013018102625040752,274.3333333333333
global_glcm_homogeneity_min,750.9131671561025,0.0,0.4401523941540302,0.0003434532538165949,274.6666666666667
global_rgb_ch0_hist_10,757.2471941290099,0.0,0.4013995657385705,0.0004186966741887398,276.0
global_lbp_hist_3,352.89046328387326,2.1896306623544132e-198,0.2923280494019094,0.002016848225399074,276.0
roi_gray_hist_12,477.1182980986924,6.791919097130949e-257,0.43632986385168726,0.000483370473233495,277.3333333333333
global_rgb_ch2_hist_6,122.87225688335283,2.1853297336400482e-75,0.42616909153449245,0.0018427638011408343,278.0
global_rgb_ch0_hist_14,450.8081337827666,6.69983304531286e-245,0.2992681828596482,0.0011281709395525015,278.6666666666667
global_rgb_ch0_hist_11,399.96111886644155,3.9661228734011225e-221,0.3609912665143371,0.0010042046502777397,278.6666666666667
roi_hsv_ch0_hist_7,657.6482241036448,0.0,0.36591894073706377,0.0006127134139817758,280.6666666666667
roi_hsv_ch1_hist_12,489.9117335433127,1.1816952142288548e-262,0.2938287097378578,0.0010034395123697884,283.3333333333333
roi_hsv_ch0_hist_8,486.78954742029487,2.976901901811482e-261,0.34751544862763795,0.0007374398742317881,284.6666666666667
global_hsv_ch1_hist_12,425.0606368198503,5.805786147676381e-233,0.28164575701287076,0.0011324060562693948,286.6666666666667
roi_hsv_ch2_hist_14,349.87128964578756,6.672761080447747e-197,0.26619422332070775,0.0019357317203070432,286.6666666666667
global_hsv_h_q75,25.77713311268917,1.781846097688684e-16,0.4375321580660847,0.0030638678816563955,287.0
global_glcm_dissimilarity_min,991.3247730233769,0.0,0.4000592744969871,0.00023082201704225212,288.3333333333333
global_lbp_std,166.59141896665875,1.8584469658144475e-100,0.3963750259482488,0.0014612841761273679,289.0
global_rgb_ch0_hist_5,152.47821051092743,1.8492197497652424e-92,0.41442281880921583,0.0012827279292120417,289.0
roi_lab_ch0_hist_10,765.6878463434148,0.0,0.310301794055861,0.0004924446768519984,290.0
global_gray_hist_25,353.54850200484043,1.040769948068542e-198,0.3359513453502283,0.0009553940783620764,291.6666666666667
global_rgb_ch1_hist_12,427.23130081989456,5.618545668802936e-234,0.3087037963111381,0.0008447661372794837,292.0
roi_lab_ch2_hist_2,447.4022346151739,2.4756669593053817e-243,0.33133345110376844,0.0007253063315305542,293.3333333333333
global_rgb_ch1_hist_10,938.832390813136,0.0,0.38463696420647087,0.0002406556565985107,294.0
global_rgb_ch1_hist_11,493.04789321478484,4.653337034754191e-264,0.3628078334186333,0.000522467351770875,294.6666666666667
global_hsv_ch0_hist_3,97.28527911369069,2.667856071361966e-60,0.49471954331561774,0.0007511222266351338,297.0
global_glcm_homogeneity_std,709.3379235710089,0.0,0.309265071573938,0.00045211098860051214,298.3333333333333
roi_rgb_ch2_hist_15,420.276847449238,1.009764111889967e-230,0.27147045743608045,0.0009789371538524011,299.6666666666667
global_lab_ch2_hist_2,309.2307219769474,1.2819118786482264e-176,0.2950561621185521,0.0011982640616131502,299.6666666666667
global_glcm_correlation_mean,900.4874151503599,0.0,0.3754218352756047,0.00023970894903531132,300.3333333333333
global_lbp_hist_11,514.6317637750577,1.1882923013430926e-273,0.2602910229171984,0.0008232048275535438,300.6666666666667
global_gray_hist_10,377.2068779672548,3.168169819883986e-210,0.3269862127691754,0.0007870415998078525,300.6666666666667
roi_hsv_ch2_hist_15,415.50965053195415,1.7534238922198032e-228,0.2610476531949204,0.0010274949817788298,301.0
global_lbp_entropy,413.21127343253136,2.1194375536618666e-227,0.23171310603614925,0.0016941217902533478,301.0
roi_lab_ch0_hist_13,921.5172646383219,0.0,0.4032972223768414,0.00015227111067869876,301.3333333333333
global_glcm_dissimilarity_max,1512.6009520812054,0.0,0.4633567078083396,5.5360199285160834e-05,302.0
roi_gray_hist_10,460.73632080101663,1.8886645421303732e-249,0.32613513542434935,0.0005688233664149776,303.3333333333333
roi_rgb_b_median,344.1821664558361,4.2560570102253126e-194,0.23274663605679224,0.0020981287904011064,305.6666666666667
roi_gray_iqr,487.5349582348961,1.377103349772621e-261,0.28140202527134694,0.0006971287525912066,306.0
global_lbp_hist_0,211.95099099700357,1.426279794502354e-125,0.37776604417631243,0.0010040651765651997,307.3333333333333
global_lab_a_max,970.1575296511829,0.0,0.3834662172952714,0.00014807206459282102,307.6666666666667
global_glcm_contrast_min,1076.42611102371,0.0,0.39857411725630265,0.000100271062245818,309.3333333333333
global_hsv_v_min,171.82030111343218,2.1307247397569063e-103,0.47067022365372235,0.0004965880089876641,310.6666666666667
global_gray_hist_23,389.2033963474602,5.393712257240844e-216,0.3084486959858741,0.0006730074172713971,312.6666666666667
global_lab_l_min,135.526770668186,9.830889449585535e-83,0.47678201389826835,0.0004985729265430182,313.6666666666667
global_lab_ch0_hist_11,789.9811610150438,0.0,0.35779748967801384,0.00017134941062545673,319.3333333333333
global_rgb_b_q75,216.5134873522887,4.745880789684953e-128,0.3285688938655247,0.0009411922103242427,319.3333333333333
roi_rgb_ch0_hist_5,407.2474004402923,1.3881164169574888e-224,0.4272239186897735,0.0002213993736004713,319.3333333333333
global_gray_hist_24,252.4003943801282,3.0302149562984615e-147,0.29626288140402957,0.0009904486759441705,320.3333333333333
global_gray_min,109.57892550525767,1.3756996493195544e-67,0.49601920635517693,0.00040184297385495595,320.6666666666667
roi_hsv_v_std,298.25231198012847,4.877759279014534e-171,0.2326473166744032,0.0017790678852739412,321.0
global_gray_hist_22,645.5364206809273,0.0,0.3286416135032737,0.00026886678849862006,321.3333333333333
global_rgb_ch1_hist_2,281.5566758502767,1.8186484527776952e-162,0.44623747077339826,0.0003403406637212147,324.6666666666667
roi_gray_hist_26,667.0100535982073,0.0,0.3865386087545817,0.0001287784230198624,326.3333333333333
global_gray_hist_8,209.15944799695464,4.7266517680869795e-124,0.4569509277762207,0.0003665978937494401,327.3333333333333
global_lbp_hist_10,451.19654033595054,4.441330859552225e-245,0.29946413934687466,0.00039181338544867794,327.6666666666667
global_rgb_g_min,145.168216677213,2.785108995768634e-88,0.45945259027821517,0.0004054383470465061,328.6666666666667
roi_rgb_ch0_hist_14,376.17306682910925,1.0003633591372721e-209,0.38354536886908397,0.00031108121601978046,329.0
global_lab_ch0_hist_5,270.17984490933884,1.44714856392191e-156,0.4225143675526144,0.0003726757088244877,329.6666666666667
global_gray_hist_9,291.31633742616606,1.7241472211405715e-167,0.3493059260102347,0.0005414960301573347,329.6666666666667
global_hsv_ch0_hist_4,216.03815555340796,8.591458983661279e-128,0.3334026446839806,0.0007414611775362942,330.6666666666667
roi_hsv_ch2_hist_12,60.02832178630115,9.117600144145436e-38,0.389997282874305,0.0009534486520103738,331.0
global_hsv_ch2_hist_12,222.5941001774545,2.4394771770539094e-131,0.2945319288876831,0.0008816353029316349,331.6666666666667
global_lab_ch0_hist_12,291.11343907963396,2.1909994031127135e-167,0.2867381797263455,0.0007693064272918749,332.0
roi_hsv_ch1_hist_6,495.4651525445284,3.86306992531061e-265,0.2825427640906282,0.0003565033025348002,332.3333333333333
roi_hsv_h_q75,48.66321965637626,9.275207911785259e-31,0.4960605351016629,0.00043101375117114005,332.3333333333333
global_glcm_correlation_min,699.2429530298112,0.0,0.30569681510162217,0.00019354764394891746,332.6666666666667
roi_lab_a_std,561.0313860451715,7.641209798214558e-294,0.3171272103787759,0.00020103150369989942,333.3333333333333
roi_hsv_v_median,316.86845774154887,1.783704794848536e-180,0.2408229394793242,0.0009514841580764403,334.0
global_rgb_ch2_hist_5,92.32959522751044,2.4238210083665545e-57,0.40153466427685025,0.0007066764022237488,334.3333333333333
roi_rgb_ch1_hist_10,371.99915431391577,1.0466984620524421e-207,0.2464968964056844,0.0007031280434744534,334.6666666666667
global_rgb_b_min,106.45115752992126,9.677624135165467e-66,0.48532758914828156,0.00033292100476551634,334.6666666666667
global_rgb_ch0_hist_12,242.7231678776676,4.042961254489363e-142,0.2945155587979902,0.0007889486825325648,335.6666666666667
global_lbp_hist_17,103.64969964828416,4.408376478427732e-64,0.3401457215863335,0.00088505809896779,335.6666666666667
roi_gray_hist_20,524.780341581563,4.0646896663349714e-278,0.25438634513490843,0.0003648594062041215,338.3333333333333
global_rgb_ch2_hist_12,224.33099336845152,2.822226608955575e-132,0.31299565391129347,0.0006525712050936229,339.3333333333333
roi_rgb_b_mean,360.546017295208,3.904071967107594e-202,0.24320029849768865,0.000692114379591461,340.6666666666667
global_lbp_hist_6,552.7925635191956,2.670608289161252e-290,0.2808798511688433,0.0002425886817809042,342.3333333333333
global_hsv_ch1_hist_2,306.59311760248085,2.7832848066168554e-175,0.29851385344924597,0.00047814368545181005,343.0
global_lab_ch0_hist_1,11.661357165476375,1.3410410000965484e-07,0.3959616786563902,0.0011146084266045269,343.0
global_rgb_g_q75,431.46062383545024,5.993077564444407e-236,0.4240792319324318,8.432255804956001e-05,344.0
global_lbp_hist_1,180.54536443355497,2.8086423371199526e-108,0.33568912551397956,0.0005859819035873099,344.6666666666667
global_lab_ch1_hist_11,284.0953228754568,8.906604465605601e-164,0.3954167873064487,0.00030439232292468776,345.0
roi_rgb_ch2_hist_12,60.18408564688873,7.315892777170258e-38,0.40391285146036204,0.0006227082100307668,346.0
roi_rgb_ch1_hist_13,527.9114744932847,1.7252111694526713e-279,0.31414334933578236,0.00012051990236021358,347.6666666666667
global_rgb_ch2_hist_2,462.8295179604672,2.0922060065839433e-250,0.26842211216984824,0.0002948573505364537,349.3333333333333
global_rgb_ch1_hist_1,127.0749781573702,7.784127908171851e-78,0.4135830126408835,0.00039342239454451586,349.3333333333333
roi_hsv_ch1_hist_10,310.0798592914365,4.765007267283277e-177,0.41157036938396185,0.0001698448076341086,350.3333333333333
global_gray_hist_3,8.059511328946718,2.389008251912538e-05,0.3761039676622171,0.0011855771630411413,351.6666666666667
roi_gray_hist_27,516.0086983969596,2.9332219959440437e-274,0.32621042535969647,0.00010682542740187491,351.6666666666667
global_lbp_hist_4,222.41135130568654,3.0614333909989653e-131,0.2590534913068736,0.0007508336764765523,352.0
roi_hsv_v_q25,393.4766679097785,4.878072421703847e-218,0.2358088467259858,0.0005047485920212964,352.0
global_rgb_ch0_hist_3,69.54524724142125,1.3790980437621465e-43,0.43017469447695933,0.0004117515620211115,352.3333333333333
roi_rgb_b_q25,400.277566622422,2.804926310246043e-221,0.2531280232549724,0.0003830171538412534,352.3333333333333
global_rgb_r_min,100.5076782689511,3.2277363609577977e-62,0.45179475433705996,0.00027411920960903333,355.3333333333333
global_lbp_hist_12,293.1853319129115,1.8996439206679645e-168,0.1744691574516768,0.001450937032884523,356.0
global_gray_hist_30,280.86597093166284,4.136160008936132e-162,0.18222900328570057,0.001425029353596677,357.0
roi_rgb_ch0_hist_10,451.41134640014633,3.538228940726675e-245,0.24937495028969492,0.00028971092752459233,357.6666666666667
roi_hsv_ch2_hist_13,180.7701384565062,2.1048305225257858e-108,0.3103312688097808,0.0004612785579119058,359.0
roi_hsv_h_mean,11.403652102500494,1.9454130837762418e-07,0.42106075912284635,0.000696824953188851,360.0
global_gray_hist_5,11.40625263521109,1.9381246562816472e-07,0.4223047426744546,0.0006860532598896804,360.3333333333333
global_lab_a_min,343.32979322580513,1.1224844634428198e-193,0.24855077048436858,0.00040819374968962234,362.0
global_rgb_ch0_hist_2,13.964065991114717,4.804620572434226e-09,0.4301978079500506,0.000556813223749692,362.3333333333333
roi_rgb_ch1_hist_2,350.9383706323901,1.9928568205656425e-197,0.2704887844861812,0.0003146819286776286,363.3333333333333
roi_hsv_v_mean,350.494155211,3.295416009750821e-197,0.23752610204212088,0.00045450229961165246,363.3333333333333
global_gray_hist_28,296.73366590771127,2.9081915539244113e-170,0.24161231661798643,0.0005262080432040605,364.3333333333333
global_rgb_ch2_hist_14,110.28485352003646,5.27537280802391e-68,0.31712605227376245,0.00047961599787867235,366.0
global_rgb_ch0_hist_4,223.736738433606,5.901116771567243e-132,0.4077131600900803,0.0001677751710991325,366.0
global_lab_ch0_hist_3,13.24273553555373,1.3642448619748009e-08,0.44869817627286546,0.0004446857374334431,366.3333333333333
roi_lab_ch2_hist_7,296.0615762591993,6.412905794029083e-170,0.35812697540690563,0.00017512884693900673,369.6666666666667
global_lab_ch0_hist_2,43.115328594710505,2.569392211773914e-27,0.4149698018383128,0.000394023192286488,369.6666666666667
roi_rgb_ch2_hist_13,182.04212912147767,4.1179256554974357e-109,0.31377964358830823,0.0003575113047930107,370.6666666666667
roi_lab_ch0_hist_5,341.295492558327,1.1386179018399172e-192,0.31248939684708743,0.000160225018670241,371.0
global_lab_ch0_hist_4,44.86091452255217,2.11437719998514e-28,0.4655146797806484,0.00022374758365388802,372.0
global_hsv_ch2_hist_1,683.7030539319719,0.0,0.23070183380357667,0.00018659915751491498,372.3333333333333
roi_gray_hist_9,364.6807514324413,3.7583837823183985e-204,0.27552313969279885,0.0001950660424883781,373.3333333333333
roi_rgb_b_std,301.439882764046,1.1572769344067961e-172,0.22574885726435578,0.0006017686497622646,374.0
roi_rgb_ch0_hist_11,294.0502160443495,6.852309620975338e-169,0.1836710185850201,0.0009382688246105824,374.3333333333333
roi_hsv_h_median,11.62995040188442,1.403252445439134e-07,0.41175877944396566,0.0004785827410686517,376.3333333333333
global_lab_ch0_hist_14,327.66573820390096,6.838977073377049e-186,0.23011655104174444,0.0004541679238164006,377.6666666666667
roi_rgb_b_q75,239.31131499326068,2.6456234096829194e-140,0.20626405643300805,0.0008846676418402207,378.6666666666667
roi_lab_ch1_hist_11,300.18389747779304,5.0489303102150137e-172,0.3937471986348162,8.326400017772605e-05,380.3333333333333
global_rgb_ch0_hist_1,5.920812504184131,0.0005031346029976307,0.3425264251707403,0.0008331624988133165,381.6666666666667
global_rgb_ch1_hist_14,381.0287875000718,4.547885449155215e-212,0.2260268734258517,0.00031767145937297515,384.3333333333333
global_rgb_ch2_hist_7,55.44603143234163,5.99582431568398e-35,0.2827790777400234,0.0005470271548214617,385.0
global_lbp_mean,283.76038173367033,1.3256101170372933e-163,0.2958070835999922,0.00017852337305887428,386.6666666666667
roi_lab_ch0_hist_14,210.52351625695937,8.535716175420664e-125,0.30813105277485175,0.00020161116860798562,389.6666666666667
roi_hsv_h_std,126.25331847018232,2.340012936470246e-77,0.36433605837744465,0.00019280632669451246,390.0
roi_glcm_correlation_std,68.74202483794195,4.257215695282155e-43,0.27516820389606966,0.0004894726458589025,390.0
roi_hsv_h_q25,36.038941573349724,6.613034764958167e-23,0.29707442458263844,0.0005707585484293053,390.3333333333333
roi_lab_ch1_hist_9,188.25797439853005,1.453243871267248e-112,0.22598105336375696,0.0006032038011810843,391.6666666666667
roi_gray_hist_28,216.11150866089932,7.839437210661219e-128,0.29927060731293476,0.00018813663069500722,392.0
global_hog_mean,139.87808792847804,3.044511735698791e-85,0.16937638887851314,0.001078761039117034,392.0
global_hsv_ch1_hist_15,312.64591677297307,2.403387174116377e-178,0.18139990862972954,0.0005800590133797543,392.3333333333333
global_lbp_hist_16,235.1579164409667,4.3580907518701467e-138,0.23515913721305548,0.000401042361570926,393.3333333333333
global_rgb_ch2_hist_1,499.4239624185845,6.61280227083432e-267,0.2437395264696427,7.616732938682747e-05,396.0
global_rgb_ch0_hist_0,334.18356176179884,3.848822477878084e-189,0.16425543202560755,0.0005422063129256579,397.3333333333333
global_gray_hist_0,333.9809307970281,4.85435646892965e-189,0.17480958351379128,0.0004835467893478523,397.6666666666667
roi_hsv_v_q75,216.21860513825203,6.858143975879303e-128,0.19799093578238613,0.0006826500590054019,399.3333333333333
global_hsv_ch2_hist_14,229.14835036745382,7.228252278887761e-135,0.21572315954069765,0.0004743116516710922,402.0
roi_hsv_ch1_hist_13,298.0544387718325,6.1546596393203805e-171,0.21543065225226954,0.00038457204730717035,402.3333333333333
seg_hu_moment_4,99.79679301184008,8.539449196490667e-62,0.4560433239677051,6.753144758096472e-05,403.0
roi_hsv_ch1_hist_5,112.93967990892905,1.441745692254989e-69,0.2131250120301953,0.000702067901164269,405.3333333333333
roi_gray_hist_29,102.69588613939672,1.6211113876069082e-63,0.280063776912572,0.0002713529751936245,406.3333333333333
global_rgb_ch1_hist_0,356.382946523708,4.242995175256659e-200,0.2076893284664214,0.00026991772643486403,407.3333333333333
roi_lab_ch1_hist_12,338.54481090697266,2.625342942912418e-191,0.18669455260021328,0.0003552789618982458,408.0
global_hog_std,159.11244960569277,3.135417783486931e-96,0.16916085146450133,0.0007461320638863917,408.6666666666667
global_gray_hist_6,30.265267060488263,2.7161727869917575e-19,0.38395194470576666,0.00021894762229424659,410.0
global_hog_max,316.45333987853644,2.8866276131741197e-180,0.18230730902013104,0.00038211865886814627,410.0
roi_rgb_ch0_hist_4,258.6519175226236,1.5492271640356876e-150,0.26008049831268343,0.0001202164904984568,410.3333333333333
global_gray_hist_4,3.975100753690991,0.0077146343122914286,0.43985186079932537,0.00024882781949387475,411.6666666666667
global_rgb_ch2_hist_0,334.20645876472116,3.749195627278713e-189,0.1608784492980111,0.00037922772221601176,414.8333333333333
global_edge_density,250.3919713087784,3.4844330162455312e-146,0.2178015025671538,0.00031211475355017907,415.3333333333333
global_rgb_ch2_hist_11,25.036971780177797,5.199695866248608e-16,0.29262945322638956,0.0003643375445432664,417.3333333333333
global_hsv_ch2_hist_5,10.15566231009485,1.176277369020602e-06,0.34061053233321803,0.0002970673374307623,417.6666666666667
global_lab_ch0_hist_0,334.1868164186652,3.834501285997935e-189,0.16441691504959843,0.00034477563245725076,418.3333333333333
roi_lbp_hist_1,148.8383655400713,2.2091041293958087e-90,0.27963333267306933,0.0001224483010003868,419.0
global_hsv_ch2_hist_7,36.27531546833582,4.706907604422344e-23,0.24833132909360467,0.00044235925796630996,419.3333333333333
global_hsv_ch2_hist_11,27.115870016921434,2.570376638340573e-17,0.275523017314796,0.00038253453488130566,420.0
roi_rgb_ch1_hist_14,113.78135576632658,4.612611364205437e-70,0.260743522427902,0.00018344734782596014,421.3333333333333
roi_rgb_b_min,87.37771277865612,2.2515160142139007e-54,0.3088164637359141,0.00011540779319763077,422.0
global_hsv_ch1_hist_13,250.29730675019852,3.909885843459708e-146,0.2092579047427443,0.00030388274380146405,422.0
global_edge_mean_intensity,250.39197130877847,3.4844330162455312e-146,0.22043062550337433,0.00022821621579353313,424.0
roi_hsv_v_min,87.14517326050363,3.105587545837865e-54,0.3014488711775172,0.00011494918105625865,425.0
roi_lab_ch0_hist_11,253.5028523689418,7.942045063123654e-148,0.18207863413460368,0.00034847685986268975,425.6666666666667
global_hsv_ch1_hist_1,80.3055564802659,4.092274893537527e-50,0.178487201908462,0.0006772208998088349,427.0
roi_lbp_hist_17,352.0577016255721,5.6152071890245246e-198,0.23532146367304563,7.576121141366589e-05,427.3333333333333
seg_hu_moment_5,179.2137294961931,1.552899088536059e-107,0.4007913168786841,4.922949977430359e-05,428.3333333333333
global_hsv_h_max,138.37351588164682,2.239244242095119e-84,0.2975394357640404,7.952543105070054e-05,429.0
roi_lbp_hist_0,131.42276251526278,2.32862843572598e-80,0.30634125055379124,7.812140075472576e-05,429.3333333333333
roi_hsv_ch1_hist_1,90.03555771408172,5.7276901241496255e-56,0.3337683093304551,7.56203525359943e-05,431.0
roi_gray_hist_22,220.6070241757159,2.8869546462524976e-130,0.21593227214367605,0.000220344518636814,433.6666666666667
roi_gray_hist_30,63.83024313929575,4.260603962833132e-40,0.23307397589666223,0.00028489648791184003,437.0
global_gray_hist_7,105.38536733425163,4.133236781447622e-65,0.23955145636205666,0.00016709456913523437,437.6666666666667
global_hsv_ch2_hist_0,334.20645876472116,3.749195627278713e-189,0.16845343763128895,0.00016605862194439186,438.8333333333333
global_lab_ch1_hist_12,296.3491857559867,4.571603921495323e-170,0.16572516240073965,0.00021376852997722392,439.6666666666667
global_lbp_hist_15,176.1914336776394,7.577652666960318e-106,0.16956630498100278,0.00032262615688415054,442.0
roi_lbp_hist_10,73.59239171473594,4.7622313550633254e-46,0.24222979477889872,0.00016203583460681133,442.6666666666667
roi_lab_ch2_hist_5,86.35690956602156,9.242500693920062e-54,0.16484299591272888,0.0004553504814385176,443.3333333333333
global_hsv_ch2_hist_4,0.15653646402936267,0.9255072529533062,0.44394725008315916,0.0003083109681983985,444.3333333333333
seg_mask_circularity,203.2357998114171,8.156865631211468e-121,0.23403017682524796,0.00010007269345093285,444.3333333333333
roi_rgb_ch1_hist_9,219.9507929494544,6.534329803851972e-130,0.2042396193235403,0.00018774266138065295,444.3333333333333
roi_rgb_ch2_hist_11,37.37597924725858,9.67027009928528e-24,0.27889950966995025,0.00013981353277105386,446.3333333333333
roi_lbp_hist_11,89.66815294931509,9.510174889300653e-56,0.2417753616276599,0.00011947348917590539,446.6666666666667
global_dct_low_mean,482.7490815643033,1.955622338587039e-259,0.2015642908437303,6.15194599304824e-05,447.3333333333333
roi_lab_ch0_hist_15,58.496853662736854,7.953692873329418e-37,0.22475310819629124,0.00026486132592138496,449.3333333333333
global_hsv_ch2_hist_9,11.914877898386225,9.299097355107123e-08,0.2810604947375255,0.0001701721839822172,449.6666666666667
roi_lbp_std,304.58421929690667,2.912941013838689e-174,0.22497099251231134,6.998190977603504e-05,453.3333333333333
roi_rgb_ch1_hist_15,56.11806299671501,2.3117597390741143e-35,0.21599928200983332,0.00027815489942671704,454.0
global_lab_b_max,204.91538035943702,9.822532097598018e-122,0.20580340845236922,0.00014084466206269148,454.3333333333333
global_lbp_hist_5,160.4841110180159,5.237877513351149e-97,0.17858360287955133,0.00020583678855933647,456.3333333333333
roi_lbp_hist_2,113.24588121469026,9.523356221244623e-70,0.2701598975390973,6.689897678395105e-05,456.6666666666667
roi_lab_a_min,294.2165515082823,5.632511933607943e-169,0.2696402551628898,4.0463143877180395e-05,457.3333333333333
roi_gray_hist_8,242.97651557288245,2.9651716638169718e-142,0.21677887065151769,8.319342566101525e-05,457.6666666666667
roi_lbp_hist_16,49.176559627182385,4.461720951738508e-31,0.2530748901649802,9.230120670281935e-05,458.3333333333333
global_hsv_v_q75,141.18026484139116,5.424360384651398e-86,0.21282175519581115,0.00013596410763797915,459.3333333333333
roi_rgb_ch0_hist_15,59.909304915038675,1.0788102127337807e-37,0.22837680051953413,0.00015641194109532948,461.0
global_gray_hist_1,307.7090828204506,7.563017007617154e-176,0.12185827250398429,0.00010391323246177939,462.6666666666667
roi_lbp_hist_14,21.141255150652047,1.4653598930947193e-13,0.28288829636628177,7.849412647274922e-05,467.6666666666667
seg_hu_moment_6,1.8968642738436663,0.12790010763180917,0.42081955621546685,7.306244701867231e-05,469.6666666666667
global_glcm_correlation_std,211.94553572160459,1.4360602278097247e-125,0.13678636602030325,0.00013758694479746423,470.0
roi_hsv_h_min,15.646002573024916,4.2078154804658915e-10,0.2856673048419984,7.280123149646314e-05,475.3333333333333
roi_hsv_ch2_hist_11,37.37664917315858,9.660963197671142e-24,0.2615189906519486,7.195466610115443e-05,476.6666666666667
roi_lbp_hist_3,24.198330518150133,1.7503744395191945e-15,0.29071436384768234,6.761893664861772e-05,477.3333333333333
global_hog_min,164.21352332221787,4.077952579657214e-99,0.06476712131744122,0.0002399054697321043,479.3333333333333
roi_lbp_hist_5,39.57885940311625,4.0867803448301495e-25,0.2695183907284684,6.54977573851923e-05,479.6666666666667
roi_hsv_ch1_hist_0,50.178649220973064,1.0701286692323794e-31,0.21769646931025477,0.00010601040237840494,482.0
seg_mask_extent,74.18186792156004,2.088872663107129e-46,0.1973455175887553,0.00011010768790795812,484.0
roi_rgb_g_max,289.08915670469,2.3974371204509672e-166,0.1195652818817794,7.445419204176021e-05,484.3333333333333
roi_dct_0_2,53.12300187599817,1.6227785874635328e-33,0.22280116259091054,9.00966641749919e-05,484.3333333333333
roi_lbp_hist_4,14.049228045656182,4.247500102251782e-09,0.28365354354589134,6.187826315830237e-05,488.0
global_gray_hist_29,18.97013814407098,3.4060579671785373e-12,0.09621954980102831,0.0003678851316510609,488.3333333333333
roi_gray_hist_21,66.82882907633237,6.25752187084827e-42,0.1195984195347588,0.0001839090711863065,488.3333333333333
global_lab_ch2_hist_9,5.457630908904767,0.0009683383820941517,0.14393598745330172,0.00045108692520045456,489.0
global_hsv_ch2_hist_6,30.50643495093811,1.9176717068659e-19,0.14894259457200754,0.00024969260487947564,490.3333333333333
roi_lbp_hist_6,53.36992400162715,1.142569678949245e-33,0.24843790774385122,5.474663569177689e-05,490.6666666666667
roi_dct_2_0,30.04486840093307,3.733688816668277e-19,0.22453176736380165,0.00010113285952248463,491.0
roi_gray_max,201.38454526544095,8.436520027017287e-120,0.1317402560620784,7.709711382595289e-05,491.3333333333333
roi_hsv_s_min,131.60472478264984,1.8266449036647365e-80,0.1278399982848275,9.198058546261519e-05,492.3333333333333
roi_dct_3_0,8.762617046960921,8.718497951783985e-06,0.23976390152461402,8.421795300738183e-05,493.6666666666667
roi_lbp_hist_15,9.540852243990773,2.8498005927565654e-06,0.23158180231311087,0.00010585345897558018,493.6666666666667
roi_dct_low_mean,175.96193449390142,1.0183721377264696e-105,0.18087074310324436,6.908216239874429e-05,493.6666666666667
seg_mask_solidity,83.71777119689719,3.579130611517701e-52,0.1678271680003487,9.617272842017968e-05,494.3333333333333
roi_lbp_hist_8,30.43441434409114,2.127748962643098e-19,0.20720722191217833,0.00011933530798877277,495.0
roi_lbp_hist_12,14.561615994660473,2.0231500323252116e-09,0.25111295341632056,6.37767010838582e-05,497.0
roi_dct_1_2,10.103816737403468,1.2674681827230192e-06,0.2169362189794617,0.0001181745092107901,501.3333333333333
roi_dct_0_3,4.580592580584287,0.0033200125671494427,0.23838195372971294,9.459092697424098e-05,501.6666666666667
roi_dct_0_5,2.7421838269791987,0.04172551335317161,0.24879049979625778,9.087749220275917e-05,502.3333333333333
roi_lab_l_max,228.3603492536541,1.915591833011782e-134,0.11663509810077466,6.130111657969477e-05,506.0
global_hsv_ch0_hist_11,32.74903700668757,7.549499272006744e-21,0.18391210502246746,9.918958360392581e-05,507.0
roi_dct_1_6,2.6659259571815195,0.04623570540543628,0.23621432885581894,0.00010286593262071562,509.0
roi_lbp_hist_7,13.598332927153123,8.156267276469654e-09,0.18892158347607735,0.00010498252841389259,510.3333333333333
roi_lbp_mean,24.744591851939614,7.938587806258593e-16,0.1679706020958247,0.0001065593044915985,512.0
roi_lbp_hist_9,50.40313538977351,7.773093176218907e-32,0.19938804198768523,6.890431541496959e-05,512.3333333333334
global_lab_ch1_hist_6,58.53964061139592,7.4863840727547146e-37,0.0656885729502159,0.0001328397535250487,512.6666666666666
roi_lab_b_max,75.76508312534712,2.288269714390498e-47,0.1254844763000924,7.57690174565035e-05,513.0
global_rgb_ch2_hist_9,8.914221649421087,7.01326431287049e-06,0.1846351437196483,0.0001193111612378142,513.6666666666666
roi_dct_2_5,1.7523196575088333,0.15414687381084494,0.22980372844927865,0.00014395732913003616,514.0
global_hsv_ch2_hist_10,3.1275585021512136,0.024748494273914682,0.21620969393976086,0.00014018706604213758,515.3333333333334
roi_dct_1_0,10.346713887001762,8.93275583061347e-07,0.209110820165344,8.492512339185845e-05,515.3333333333334
global_rgb_ch2_hist_4,10.77699204818695,4.804405948850626e-07,0.1976503056707246,9.56063203075248e-05,515.3333333333334
roi_dct_4_0,4.852020352773248,0.0022701679224323822,0.24633921803047976,6.638908866678295e-05,515.3333333333334
roi_dct_5_1,2.701383218477397,0.04408241152150955,0.23849032120961544,7.829207141227012e-05,516.3333333333334
roi_lbp_entropy,193.1470174859127,2.874790204278177e-115,0.15392585172093964,4.958886200990124e-05,516.6666666666666
roi_lbp_hist_13,6.523354664885864,0.00021397817269994468,0.2313315767777624,7.268517996302284e-05,519.0
global_rgb_ch2_hist_10,3.133189437719385,0.02455931400186714,0.22699506419893511,9.047173206852633e-05,520.6666666666666
roi_dct_0_1,8.707280586535077,9.439128399173393e-06,0.23079894027541314,6.33269627205037e-05,523.3333333333334
roi_hsv_h_max,20.30971161664181,4.888788132382487e-13,0.2544236799575148,2.6522175111535147e-05,527.0
roi_dct_4_2,3.7223598705161964,0.01094351481585789,0.24438982312041135,5.4122262542345626e-05,531.3333333333334
roi_hsv_ch0_hist_6,37.984267287333026,4.0347194736513496e-24,0.23257360425181828,3.723814234417726e-05,531.6666666666666
roi_dct_3_2,1.7310152711535252,0.15842175720156254,0.2369018316368181,7.273941700199487e-05,532.3333333333334
roi_dct_5_0,0.7922027360239836,0.4980980923718554,0.25187653918057995,7.384599698790348e-05,532.6666666666666
roi_dct_2_4,1.9706826598526617,0.11619383819770464,0.21974219274422113,8.733783586122981e-05,533.6666666666666
roi_rgb_r_max,82.87264527297285,1.1561479042911649e-51,0.07937452050384541,6.215951707432942e-05,534.3333333333334
roi_dct_5_5,0.2901785181427391,0.832527628035754,0.25291611937241276,9.045307036538982e-05,535.0
global_dct_0_1,10.271961083681154,9.948489494922265e-07,0.10117042863712378,9.169699028237558e-05,535.0
roi_lab_ch1_hist_7,50.19163391586133,1.050520363072468e-31,0.18583496943958222,4.897240898510334e-05,535.0
roi_dct_4_3,1.7644904156407983,0.15175385287053278,0.24043926906820623,6.565600928264043e-05,535.0
roi_rgb_ch0_hist_3,103.28659965870874,7.236290296961107e-64,0.15522324268736476,4.555914909313336e-05,536.0
roi_dct_1_3,3.2184169515102043,0.021863459791472088,0.21923196779547993,7.358716311676997e-05,537.3333333333334
roi_dct_0_7,0.4293575326842138,0.7319808527090574,0.24239141743154669,8.865490299793437e-05,537.6666666666666
global_dct_1_0,5.289235163063452,0.00122781322719856,0.09258776810246294,0.00011128841559455391,542.0
roi_dct_2_7,0.8759072604280878,0.45276453682656226,0.22343115073426478,9.095279059720025e-05,543.0
roi_dct_5_6,0.8471574940951709,0.46795013971288557,0.25533558715963167,5.6633305866123205e-05,544.6666666666666
roi_gray_hist_31,55.96376882662962,2.8770931745158963e-35,0.14927061373425943,4.674779559541326e-05,545.0
roi_dct_3_5,1.286201545326916,0.27733557238722095,0.25442701632853115,4.895797094713506e-05,546.6666666666666
roi_rgb_ch1_hist_1,152.27934383092148,2.4006276818054295e-92,0.14885849024510467,1.68029392275617e-05,547.0
roi_dct_6_6,0.8044127502304288,0.4912722818376307,0.22349277497666664,8.289463578161753e-05,548.6666666666666
roi_dct_5_3,0.40679624288050403,0.7481284230409103,0.23635157119114014,7.70142753837712e-05,549.0
roi_dct_5_2,0.5137550912399076,0.6728089827416537,0.2363395994872608,7.465229933649315e-05,549.3333333333334
roi_dct_2_1,4.076440241019689,0.006702757889376644,0.20662172234974907,6.35420669425778e-05,550.3333333333334
roi_dct_2_3,0.17725858162022176,0.9118484376933439,0.2392184848717731,7.868784966923924e-05,551.3333333333334
seg_mask_eccentricity,30.07335443364536,3.5832543833366873e-19,0.08428630498357448,6.25359386664942e-05,553.0
roi_gray_hist_7,128.2024343027416,1.7211399243524656e-78,0.14771734538895087,1.0665038527582165e-05,553.6666666666666
roi_dct_6_4,1.2424024500710464,0.29265405168644154,0.24684575834556766,4.7359577472752944e-05,554.0
roi_dct_0_4,0.15274339432810607,0.9279592188574584,0.22743804596717254,0.00010291908335558443,554.3333333333334
roi_dct_3_1,1.7345642745097651,0.1577019421563593,0.2000720815784729,7.473710653893491e-05,555.0
roi_dct_6_0,4.276986139357441,0.0050715168153293265,0.23736643612892472,3.6258946522279565e-05,555.3333333333334
roi_dct_7_4,1.6893022971240463,0.16711744869645626,0.2339447578483136,5.40095688358656e-05,555.3333333333334
roi_dct_3_6,0.49401981179799354,0.6864425750450018,0.23429037443675949,7.231949188515595e-05,556.0
roi_dct_7_7,0.8100661879426181,0.48813649021012906,0.22938125115097918,6.872339475411136e-05,556.0
roi_dct_2_2,1.7598709866960938,0.15265796438447127,0.2193419057142374,6.336117704285124e-05,556.3333333333334
global_hog_entropy,92.58416198844962,1.7070437519293905e-57,0.06915534970898252,4.389329517153735e-05,556.6666666666666
global_dct_2_4,4.397529430256438,0.004287180413982272,0.08701828361741004,8.12318319437354e-05,557.0
roi_dct_3_4,0.19939495820091072,0.8968393272048997,0.2360019898671939,7.517542282139581e-05,557.3333333333334
global_hsv_ch1_hist_14,119.71286045233158,1.53286713908827e-73,0.10036654560883962,1.6806503987219587e-05,558.0
roi_dct_4_5,0.6986980368741649,0.5527748701711466,0.24505232165555935,5.251162315123468e-05,561.3333333333334
roi_dct_3_3,1.6264865205930046,0.1810630308384267,0.22176579018473985,5.993113555382134e-05,561.6666666666666
roi_dct_3_7,0.3472023316696652,0.7911873201242936,0.2346521874551133,6.793902546010289e-05,562.6666666666666
roi_dct_7_0,0.6040603555245165,0.6123368919699643,0.24606761380193864,5.273799797709577e-05,563.0
roi_dct_4_4,0.18841811024663097,0.9043299074986426,0.25021563958396786,5.63391458493438e-05,565.6666666666666
global_rgb_ch2_hist_8,1.6151819768800069,0.1836857602724344,0.17257445083283063,7.333019268728618e-05,566.0
roi_dct_1_4,0.49318523364763883,0.687022098612732,0.23561013190798885,6.07500200158342e-05,566.6666666666666
roi_dct_4_1,0.30681475417886356,0.8204888287018496,0.21426601188822225,8.725970189784261e-05,567.0
global_dct_1_2,7.38582646958794,6.260598405628165e-05,0.08244524589347879,6.298422674088727e-05,567.6666666666666
roi_dct_6_2,0.5504871068695582,0.6478155369799563,0.22572043759064453,6.76027562879003e-05,567.6666666666666
global_hog_energy,136.7287323014516,1.9890142496671765e-83,0.16297767593664858,0.0,568.3333333333334
roi_hsv_ch1_hist_14,94.83691040551517,7.6957336250008225e-59,0.10844598512495152,5.937651257904995e-06,568.3333333333334
roi_dct_2_6,0.3950165280129894,0.756600325714257,0.22276296039056698,7.145945489108892e-05,570.6666666666666
roi_dct_6_7,0.8936522948345806,0.44359158712263513,0.22344360898440874,5.505178263667728e-05,572.3333333333334
roi_dct_7_5,0.7407803205922742,0.527643051020542,0.20242764666137925,7.087095440593019e-05,573.6666666666666
roi_dct_1_7,0.46174247109353944,0.7090204034717285,0.23529190010117684,5.3620680586179175e-05,574.3333333333334
roi_hsv_ch0_hist_5,50.53323785381492,6.458590178515785e-32,0.07866235622563478,2.379286445302406e-05,574.3333333333334
roi_dct_6_5,0.7340488514929712,0.5316057884201324,0.24059653011837323,4.3629471398946386e-05,574.3333333333334
global_dct_7_0,4.407704976690447,0.004226753787828743,0.07250188065300156,6.714148091549742e-05,575.0
roi_lab_ch0_hist_4,39.52628940570064,4.407053249355902e-25,0.1256651310269543,1.7182706487252264e-05,576.6666666666666
roi_hsv_ch0_hist_9,44.65354720265804,2.844213472043603e-28,0.09598425000420852,1.994287999076564e-05,576.6666666666666
roi_dct_0_6,1.2654164578111282,0.28451270892294117,0.21569173795978314,5.0938438760127717e-05,577.3333333333334
global_dct_3_1,5.339459292609846,0.001143924543941718,0.07326647398653918,6.020453938126692e-05,580.0
roi_dct_6_3,0.9815891971645865,0.4003577649502087,0.23029718902638052,3.946974675060722e-05,580.6666666666666
roi_gray_hist_6,37.75424454715804,5.6150001102150454e-24,0.10300872029570352,1.5262766810829854e-05,582.0
global_dct_1_6,2.051249615760548,0.10458738424106,0.06513598911929064,7.660989223343495e-05,582.0
roi_dct_7_6,0.22766427019548474,0.8771889366297594,0.2410813309085169,4.6223784121947095e-05,582.6666666666666
global_dct_2_0,3.260807446795343,0.02063305229896479,0.08836218889862568,5.887338689352262e-05,582.6666666666666
roi_dct_5_4,0.6314664804007736,0.5946665020994473,0.22893975296499125,4.8525753298741894e-05,583.0
roi_dct_5_7,0.2034885647964845,0.8940239727650311,0.20003155068154932,7.459517023726158e-05,583.0
roi_dct_7_1,3.696421752155288,0.011342311680180238,0.20643722352036953,2.967047197064253e-05,583.6666666666666
roi_hsv_ch2_hist_10,8.284763930795167,1.7301376947268872e-05,0.13846565890894613,3.681646474500877e-05,585.0
global_dct_4_0,3.8262063442192535,0.0094808726615791,0.09112676743699044,5.159958598487168e-05,586.3333333333334
roi_dct_1_1,0.9754621765009569,0.40325160917631275,0.1967510875267271,5.35102208256646e-05,587.0
global_dct_2_2,2.4439456348445523,0.062237656610842386,0.08621595680980887,5.9284441546604195e-05,587.3333333333334
global_dct_3_2,4.794647945830951,0.0024603368030056997,0.057327834402777444,6.382528693360919e-05,588.0
roi_rgb_ch2_hist_10,8.306933940348257,1.676030827969673e-05,0.14030181768192884,2.697198001611023e-05,588.6666666666666
global_dct_6_0,6.031372277702058,0.0004301940670378009,0.07796994955738112,4.702725740374151e-05,588.6666666666666
global_dct_1_5,1.6727683073362536,0.17068694306437968,0.05646801491935172,8.266273222869204e-05,589.0
roi_dct_1_5,0.24834824768146618,0.8625543128650974,0.2309056498746278,4.875495011491753e-05,589.6666666666666
roi_dct_7_2,0.02302745702071251,0.9952687188926904,0.23276584952261992,4.7114818696258055e-05,592.0
global_dct_0_3,5.341451425806257,0.0011407172070581233,0.07537455648097069,4.6355616407817285e-05,592.3333333333334
global_dct_6_5,2.634424846508218,0.048234491007489555,0.03647731522309794,7.53273190071012e-05,592.6666666666666
roi_lab_ch2_hist_8,53.40702278330924,1.083905402920705e-33,0.04220869875473632,2.593827641663056e-05,593.3333333333334
global_dct_5_2,6.799757316440255,0.000144402962656645,0.0715569871850601,4.4946186015497865e-05,593.3333333333334
roi_hsv_ch2_hist_9,8.734044924922411,9.083451067690328e-06,0.09571518548570168,2.5130282040389573e-05,594.6666666666666
global_hsv_ch2_hist_8,5.864590246710018,0.0005448199354488652,0.13119331905895537,2.977404191368122e-05,594.6666666666666
global_dct_2_3,1.477948055498737,0.2184818253655008,0.07409289832233412,6.318992257663288e-05,595.6666666666666
roi_dct_7_3,1.0837959494136964,0.35462530230479067,0.2063474875463469,3.838386419246162e-05,596.3333333333334
global_dct_5_4,2.0906509848401202,0.09932394441461283,0.06402441785794455,6.381183398491242e-05,596.3333333333334
roi_dct_4_6,0.6496959543857942,0.5831004221061369,0.2147662162565398,4.583243619164506e-05,597.3333333333334
global_hsv_s_min,60.21535127731257,6.999657971807168e-38,0.03463121066892105,1.6226331032546806e-05,597.3333333333334
global_dct_5_1,5.796601291656027,0.0005998426745382944,0.07232325021699904,4.257184599186678e-05,597.6666666666666
roi_hsv_ch0_hist_3,41.45370247776722,2.7769103421129653e-26,0.025673864622429488,3.881294557678325e-05,598.3333333333334
roi_hsv_ch0_hist_1,47.18957117646223,7.5922303733405e-30,0.04322352382926953,1.7599337720248938e-05,599.3333333333334
global_hsv_h_min,70.01556157369296,7.130237083569783e-44,0.029417233977988122,1.0739572810575909e-05,599.6666666666666
global_dct_6_3,6.325811630190005,0.00028331175347899064,0.0669771563920003,4.026221286217777e-05,600.3333333333334
global_dct_4_5,3.1091890997319185,0.025375639373140003,0.06510466265226622,5.397578509161815e-05,600.6666666666666
global_dct_3_0,5.5647817183663975,0.0008324197201511779,0.0698865148649066,4.026106649284453e-05,600.6666666666666
roi_rgb_ch0_hist_2,24.444015437267343,1.22653905681281e-15,0.06621023526240766,1.3382475572142564e-05,601.0
roi_rgb_ch2_hist_9,8.541932855329803,1.1966171044222992e-05,0.07469891262105044,1.8115770690540813e-05,603.0
roi_dct_6_1,0.7899980814897691,0.49933833123223326,0.21214392799065251,3.6930709976186674e-05,603.3333333333334
roi_lab_ch2_hist_1,46.58191472224479,1.8078061931329193e-29,0.04499641662843645,8.275233590026443e-06,603.6666666666666
global_dct_4_2,7.171448637619969,8.501653726282227e-05,0.06981717895677919,2.8460295699770193e-05,604.3333333333334
roi_dct_4_7,0.6223832605654588,0.6004858576209353,0.21925572829449402,3.2998191422925564e-05,605.0
global_dct_0_6,0.8331798377597731,0.4754784314637982,0.06662741932824456,6.58057033754988e-05,605.6666666666666
global_dct_2_5,0.9330027911537849,0.4237906179997849,0.05899472777906034,7.092032209060324e-05,606.0
global_dct_0_4,2.2288979460018954,0.08279648610133857,0.05169980551818698,6.098028805042544e-05,606.0
global_dct_6_2,1.3029842353828744,0.27166014054895377,0.051336282844367975,6.425952257113256e-05,608.6666666666666
roi_hsv_ch0_hist_4,48.9868113282255,5.8474430570550275e-31,0.028128334759286222,8.068089633217184e-06,609.6666666666666
global_gray_max,37.07183875089257,1.4972911073302354e-23,0.02596669964298748,2.138438697223823e-05,610.6666666666666
global_dct_6_4,3.6721488581757438,0.011728475515132054,0.05714740956321096,4.640530302960581e-05,611.3333333333334
global_dct_0_2,2.3671782010214635,0.06893426026394286,0.0866415093921602,3.617154144886947e-05,611.6666666666666
global_dct_0_5,0.6985184952488056,0.5528839133274008,0.061168580093605485,7.090016692912889e-05,612.6666666666666
roi_hsv_ch0_hist_2,41.185870955867934,4.0766020630654047e-26,0.03636174736952347,1.6225906568635547e-06,614.0
roi_rgb_ch1_hist_0,6.093522580353869,0.000393916693974009,0.07119970602274472,1.1816271428576338e-05,614.3333333333334
global_dct_5_6,0.7776925618215406,0.506304454206659,0.07011011036262271,5.6219476729556776e-05,614.6666666666666
global_dct_2_1,0.9178211922088015,0.43134202496154395,0.06593651970535319,5.6132862196404005e-05,614.6666666666666
roi_hsv_ch2_hist_1,44.91017901774031,1.9705658815647958e-28,0.01064380415621402,1.9064475109668495e-05,614.6666666666666
global_dct_3_4,1.0970915461185187,0.349020694905039,0.045222055318246746,6.310665286260468e-05,615.6666666666666
roi_hsv_v_max,39.09042487293804,8.238892795728855e-25,0.0345517427178299,1.623973004226849e-06,615.8333333333334
roi_rgb_ch2_hist_8,8.480031524908071,1.3077064449079922e-05,0.039185077670961466,3.606679338728743e-05,616.3333333333334
global_lab_ch2_hist_1,33.923995036913986,1.388722308094973e-21,0.04603441423171439,1.4635531771020984e-21,618.0
global_dct_1_4,2.622023827716888,0.04904422976989891,0.062413517668597596,4.2517498506797026e-05,618.0
global_dct_6_1,2.7795273691889952,0.03967640723365128,0.050345216478092425,4.629706145512378e-05,618.0
roi_hsv_ch0_hist_10,40.29326164117006,1.4662553202208906e-25,0.020918011406219073,5.992897887143289e-06,618.6666666666666
global_dct_0_7,0.6236327634808623,0.5996831358726944,0.06787397662002448,5.8802460015472245e-05,619.0
global_dct_7_3,3.276228014722686,0.020202556424001615,0.06208225269525913,3.6372027973392296e-05,620.0
global_dct_2_6,0.6839581394129414,0.5617780345029031,0.0669016449049673,5.5507470996801594e-05,621.0
global_dct_5_3,1.0502138966604997,0.369129868410689,0.06861535654009199,4.621470484979571e-05,621.0
roi_rgb_ch2_hist_1,44.94170827284748,1.8837053896386249e-28,0.016936977563775102,1.204791120877153e-06,621.0
roi_gray_hist_5,10.508670535860858,7.073407330162487e-07,0.054402810256898526,5.477835500804587e-06,621.6666666666666
global_dct_3_5,2.231481748027563,0.08251436388049688,0.067540777516927,3.3642618821194015e-05,621.6666666666666
global_dct_7_1,3.482592194786468,0.015224921647780226,0.06358585607944045,2.9008842514284843e-05,622.3333333333334
global_dct_7_2,2.3487703631810324,0.07064090813521925,0.05994619403173429,3.899095324044774e-05,623.3333333333334
global_dct_5_0,0.46053215686221444,0.7098732836634831,0.07772098233014368,5.1044447325037805e-05,624.6666666666666
roi_hsv_ch0_hist_0,35.85361905484099,8.633548642633463e-23,0.026440464268641328,3.605643629098217e-21,625.3333333333334
global_dct_4_4,0.7353682675177594,0.5308273355620821,0.06129633889718544,5.491253695349804e-05,626.0
roi_hsv_ch2_hist_8,8.146342652832798,2.1096497674193522e-05,0.02285512169294579,2.6686946759413063e-05,627.0
roi_hsv_ch1_hist_15,19.807459933825392,1.0122273806965165e-12,0.03141702030600557,7.373360387471111e-07,627.6666666666666
roi_rgb_ch2_hist_2,46.349197019324954,2.5205481607081525e-29,0.02901424362562821,0.0,627.6666666666666
global_dct_4_7,1.02718436082876,0.37936929860206176,0.04913488174362701,4.9550882591761955e-05,628.0
global_dct_4_1,1.524617871163348,0.20601427786553034,0.06389370156308916,3.910236679671421e-05,628.0
roi_rgb_ch0_hist_1,10.005314535499496,1.4606179516303594e-06,0.024165976653717003,1.638988450805159e-05,628.6666666666666
global_dct_1_1,0.3229111632082802,0.8088157883336341,0.07373554356025691,5.1581930464078825e-05,629.0
global_dct_5_5,1.2815058349773278,0.278942585652729,0.05176593372001781,4.4093961338478914e-05,631.3333333333334
global_dct_6_6,0.3018735357827609,0.824068051365449,0.06406459025859945,5.780907356906329e-05,631.6666666666666
roi_rgb_ch2_hist_7,5.162175507629509,0.0014683283205318557,0.03228930244459294,2.000520188628418e-05,632.3333333333334
global_dct_3_6,1.2150603059064748,0.3025974137359638,0.055092010005164394,4.3116810097042465e-05,632.6666666666666
roi_hsv_ch2_hist_7,4.9921088736250745,0.0018649221432090407,0.031482083857766074,2.0540357004315873e-05,633.0
global_dct_3_3,0.3609276379891793,0.7812352307107383,0.07809989593542532,4.5381089814342166e-05,633.6666666666666
roi_lab_ch0_hist_3,2.9615692559585716,0.03101450035597705,0.05055685997323023,1.961402363271651e-05,634.6666666666666
global_dct_4_3,0.43118288081575573,0.7306794569120578,0.061652013664194705,5.2122105304094526e-05,635.6666666666666
global_dct_7_5,1.8635145010423109,0.13354963069786333,0.04143366208505972,3.782945069795005e-05,635.6666666666666
roi_hsv_ch2_hist_2,47.17505961906542,7.751137227117022e-30,0.010130526881761526,0.0,637.0
global_dct_4_6,0.32742752369003764,0.8055382993416504,0.06563326580654705,4.833515945780112e-05,638.6666666666666
roi_rgb_b_max,39.09042487293804,8.238892795728855e-25,0.013700836955728768,0.0,638.8333333333334
global_rgb_r_max,10.826708961761502,4.4720286246432016e-07,0.006176535089798207,8.231105260853935e-06,641.6666666666666
roi_hsv_ch0_hist_11,19.720385824956423,1.1483579131426135e-12,0.022328883369427288,0.0,643.0
global_lab_l_max,10.91370178016183,3.944747365731109e-07,0.004160522135366662,7.2325793875929755e-06,644.6666666666666
global_dct_5_7,0.6037938549090714,0.6125103546160351,0.06553298540517538,3.7047899681175126e-05,645.0
global_dct_3_7,0.8056195558878351,0.4906015921337097,0.043867214548395594,3.915657809494691e-05,645.6666666666666
global_dct_2_7,0.30704170889644516,0.8203243734543648,0.05529300600655507,4.745360714229527e-05,646.3333333333334
global_dct_7_7,1.0230408224312402,0.38123717484559577,0.03193621186483098,3.7331603860044954e-05,647.3333333333334
global_dct_7_4,1.0168074352969592,0.3840619188800994,0.04072717031508466,3.217235384690004e-05,649.3333333333334
global_dct_6_7,0.2696085945462256,0.8473491901690539,0.04312275772972729,4.915416674492618e-05,650.6666666666666
roi_lab_ch2_hist_9,7.100159155962519,9.411615024896372e-05,0.008951165808094075,1.5966045889718591e-06,652.0
global_dct_1_3,0.19454625864820904,0.9001589709082009,0.06144198321125316,3.791490543081196e-05,656.6666666666666
global_dct_1_7,0.4338757310916951,0.7287610514131215,0.031319689426350994,4.4498333899625607e-05,657.0
roi_gray_hist_0,7.169767463367977,8.52206813375552e-05,0.0,6.118349040531458e-06,660.1666666666666
roi_lab_ch0_hist_0,6.545624649708063,0.00020730917737735218,0.0027993876813052765,9.522463091857893e-19,660.6666666666666
global_dct_7_6,0.33718566774612907,0.7984559700700279,0.047883944410466395,3.281763977805225e-05,662.6666666666666
roi_lab_ch0_hist_1,1.211564669745727,0.30389016724094065,0.018142284871598413,1.2120487032946815e-05,664.6666666666666
roi_gray_hist_1,7.169767463367977,8.52206813375552e-05,0.005722300951555237,0.0,667.1666666666666
roi_rgb_ch2_hist_6,3.6911222291532653,0.011425538261806341,0.0,9.93832973192211e-06,667.6666666666666
roi_lab_ch0_hist_2,2.1587516901351003,0.09082084339914445,0.005779163804602305,7.266054950391758e-06,668.6666666666666
roi_rgb_ch2_hist_0,7.169767463367977,8.52206813375552e-05,0.003990665575344554,0.0,669.1666666666666
roi_hsv_ch2_hist_6,3.6764042141842466,0.011659850802757676,0.0,6.590764121541691e-06,670.3333333333334
global_gray_hist_2,1.896981444703884,0.12788066554718772,0.009691121270467562,1.0752725090502337e-06,670.6666666666666
roi_hsv_ch2_hist_0,7.169767463367977,8.52206813375552e-05,0.0010060237922555615,0.0,671.1666666666666
roi_gray_hist_4,0.9628446399410328,0.40926635272575207,0.019670265201526593,5.2649429547674186e-06,673.0
roi_rgb_ch2_hist_5,0.8052188614358278,0.49082420164223006,0.015595594777444433,7.86852459346187e-06,675.3333333333334
roi_hsv_ch2_hist_5,0.7709548883943452,0.5101499413652035,0.028574906515156595,1.0747265153703484e-06,677.0
roi_gray_hist_2,1.5211404295908173,0.2069200095225031,0.007503309055077789,1.3098875936164875e-06,677.3333333333334
roi_lab_ch1_hist_6,2.2548978509373296,0.07999952199992724,0.010041288265765225,0.0,679.3333333333334
roi_gray_hist_3,0.5680759212331121,0.6360352565937187,0.010677171216373349,4.295384899827922e-06,688.0
global_lab_ch1_hist_13,1.8214838731737586,0.14100787934879072,0.00533326403581702,0.0,688.3333333333334
roi_hsv_ch2_hist_4,0.9708076838033343,0.40546170080493393,0.014738599709973599,0.0,689.3333333333334
roi_rgb_ch2_hist_4,0.9731392999954513,0.4043533119102477,0.011538311120119715,0.0,690.6666666666666
roi_rgb_ch0_hist_0,2.254830030591582,0.08000669782395375,0.0,0.0,692.6666666666666
roi_rgb_ch2_hist_3,0.7239679310040243,0.5375812741277365,0.018735047015835615,0.0,693.6666666666666
roi_lab_ch1_hist_13,1.821483873173759,0.14100787934879072,0.0,0.0,696.0
global_rgb_b_max,0.7935492192249776,0.4973417896643514,0.008312735959605355,0.0,699.0
roi_hsv_ch2_hist_3,0.7121775647456515,0.544632160660906,0.0092849570045348,0.0,701.0
global_lab_ch2_hist_10,0.49293435673957325,0.6871963513591424,0.005014096605038265,0.0,710.6666666666666
global_rgb_g_max,,,0.008759517626696134,0.0,
global_hsv_v_max,,,0.016575220177115657,0.0,
global_hsv_ch0_hist_12,,,0.001286328970288686,0.0,
global_hsv_ch0_hist_13,,,0.014824769444626629,0.0,
global_hsv_ch0_hist_14,,,0.0,0.0,
global_hsv_ch0_hist_15,,,0.0004747171460892652,0.0,
global_lab_ch1_hist_0,,,0.019762662377836637,0.0,
global_lab_ch1_hist_1,,,0.005288412115732832,0.0,
global_lab_ch1_hist_2,,,0.003236573468405002,0.0,
global_lab_ch1_hist_3,,,0.010357783197368686,0.0,
global_lab_ch1_hist_4,,,0.0025267627725900077,0.0,
global_lab_ch1_hist_5,,,0.0,0.0,
global_lab_ch1_hist_14,,,0.0,0.0,
global_lab_ch1_hist_15,,,0.0,0.0,
global_lab_ch2_hist_0,,,0.009643903727245107,0.0,
global_lab_ch2_hist_11,,,0.013488533041091433,0.0,
global_lab_ch2_hist_12,,,0.0,0.0,
global_lab_ch2_hist_13,,,0.0,0.0,
global_lab_ch2_hist_14,,,0.0,0.0,
global_lab_ch2_hist_15,,,0.0,0.0,
roi_hsv_ch0_hist_12,,,0.004040180675596083,0.0,
roi_hsv_ch0_hist_13,,,0.0,0.0,
roi_hsv_ch0_hist_14,,,0.0,0.0,
roi_hsv_ch0_hist_15,,,0.0,0.0,
roi_lab_ch1_hist_0,,,0.0,0.0,
roi_lab_ch1_hist_1,,,0.013186538453178187,0.0,
roi_lab_ch1_hist_2,,,0.0,0.0,
roi_lab_ch1_hist_3,,,0.00819273079597238,0.0,
roi_lab_ch1_hist_4,,,0.006912652862621549,0.0,
roi_lab_ch1_hist_5,,,0.010612289410955267,0.0,
roi_lab_ch1_hist_14,,,0.0,0.0,
roi_lab_ch1_hist_15,,,0.0,0.0,
roi_lab_ch2_hist_0,,,0.007385628320408344,0.0,
roi_lab_ch2_hist_10,,,0.0,0.0,
roi_lab_ch2_hist_11,,,0.0,0.0,
roi_lab_ch2_hist_12,,,0.0,0.0,
roi_lab_ch2_hist_13,,,0.0010859940242560207,0.0,
roi_lab_ch2_hist_14,,,0.014725061424442742,0.0,
roi_lab_ch2_hist_15,,,0.016604261941932652,0.0,
width,,,0.006259400297094597,0.0,
height,,,0.026631179329433152,0.0,
